{
    "rmse": 0.6321979713971252,
    "mae": 0.5049819287278409,
    "r2": 0.3198191371023821
}